packageName,tf_idf,variable
com.soundcloud.android,0.381,TF_IDF_38
com.snapchat.android,0.37,TF_IDF_37
com.kwai.kuaishou.video.live,0.363,TF_IDF_36
com.etisalat,0.362,TF_IDF_36
org.telegram.messenger,0.356,TF_IDF_36
com.da3im.loan,0.356,TF_IDF_36
com.google.android.apps.docs,0.356,TF_IDF_36
com.snaptube.premium,0.353,TF_IDF_35
com.google.android.videos,0.35,TF_IDF_35
com.google.android.play.games,0.345,TF_IDF_34
com.zhiliaoapp.musically,0.343,TF_IDF_34
com.instagram.android,0.342,TF_IDF_34
eg.com.kashat,0.341,TF_IDF_34
com.olxmena.horizontal,0.34,TF_IDF_34
sinet.startup.inDriver,0.34,TF_IDF_34
com.google.android.apps.photos,0.34,TF_IDF_34
com.google.android.apps.tachyon,0.338,TF_IDF_34
com.tencent.ig,0.336,TF_IDF_34
com.ubercab,0.331,TF_IDF_33
com.halanuser,0.33,TF_IDF_33
com.google.android.apps.magazines,0.329,TF_IDF_33
com.google.android.apps.youtube.music,0.321,TF_IDF_32
com.whatsapp.w4b,0.317,TF_IDF_32
com.imo.android.imoim,0.314,TF_IDF_31
com.twitter.android,0.311,TF_IDF_31
com.madfoo3a.loan,0.31,TF_IDF_31
com.facebook.katana,0.307,TF_IDF_31
com.coloros.gamespaceui,0.307,TF_IDF_31
com.videoeditorpro.android,0.306,TF_IDF_31
com.orange.mobinilandme,0.305,TF_IDF_30
com.emeint.android.myservices,0.304,TF_IDF_30
com.WhatsApp2Plus,0.289,TF_IDF_29
com.king.candycrushsaga,0.287,TF_IDF_29
com.coloros.onekeylockscreen,0.285,TF_IDF_28
com.moonfrog.ludo.club,0.283,TF_IDF_28
com.google.android.apps.podcasts,0.282,TF_IDF_28
com.ucare.we,0.279,TF_IDF_28
com.salfny.wallet,0.277,TF_IDF_28
com.google.android.apps.translate,0.272,TF_IDF_27
com.lenovo.anyshare.gps,0.27,TF_IDF_27
com.coloros.oppopods,0.27,TF_IDF_27
com.moneyfellows.mobileapp,0.265,TF_IDF_27
com.jumia.android,0.262,TF_IDF_26
cn.wps.moffice_eng,0.26,TF_IDF_26
com.nemo.vidmate,0.26,TF_IDF_26
net.zedge.android,0.26,TF_IDF_26
com.talabat,0.259,TF_IDF_26
com.linkedin.android,0.259,TF_IDF_26
com.miniclip.eightballpool,0.255,TF_IDF_26
com.yalla.yallagames,0.253,TF_IDF_25
com.amazon.mShop.android.shopping,0.247,TF_IDF_25
com.picsart.studio,0.246,TF_IDF_25
com.ziipin.softkeyboard.saudi,0.245,TF_IDF_24
com.transsion.phoenix,0.244,TF_IDF_24
com.facebook.lite,0.241,TF_IDF_24
com.dywx.larkplayer,0.233,TF_IDF_23
com.google.android.music,0.232,TF_IDF_23
com.google.android.apps.subscriptions.red,0.231,TF_IDF_23
com.ludo.king,0.226,TF_IDF_23
com.souq.app,0.224,TF_IDF_22
com.anghami,0.217,TF_IDF_22
com.spotify.music,0.216,TF_IDF_22
com.linecorp.b612.android,0.211,TF_IDF_21
com.opera.app.news,0.209,TF_IDF_21
com.mobirix.swipebrick2,0.207,TF_IDF_21
com.nexstreaming.app.kinemasterfree,0.207,TF_IDF_21
com.ubercab.driver,0.206,TF_IDF_21
com.fawry.myfawry,0.205,TF_IDF_20
net.mbc.shahid,0.205,TF_IDF_20
com.alhiwar,0.205,TF_IDF_20
com.coloros.videoeditor,0.204,TF_IDF_20
com.opera.branding.news,0.202,TF_IDF_20
com.didiglobal.passenger,0.2,TF_IDF_20
us.zoom.videomeetings,0.198,TF_IDF_20
com.careem.acma,0.197,TF_IDF_20
com.google.android.instantapps.supervisor,0.195,TF_IDF_20
com.kiloo.subwaysurf,0.193,TF_IDF_19
com.cashupeg.app,0.192,TF_IDF_19
com.mobz.vd.in,0.192,TF_IDF_19
com.sec.android.app.popupcalculator,0.19,TF_IDF_19
com.viber.voip,0.188,TF_IDF_19
com.shahry.customer,0.185,TF_IDF_18
com.netflix.mediaclient,0.185,TF_IDF_18
com.google.ar.core,0.184,TF_IDF_18
com.careem.adma,0.184,TF_IDF_18
com.domobile.applockwatcher,0.183,TF_IDF_18
com.noon.buyerapp,0.18,TF_IDF_18
com.vuclip.viu,0.18,TF_IDF_18
com.btechapp,0.177,TF_IDF_18
com.efgh.customer,0.177,TF_IDF_18
video.like,0.177,TF_IDF_18
com.simppro.quran.offline,0.176,TF_IDF_18
com.yy.hiyo,0.176,TF_IDF_18
com.sec.android.app.sbrowser,0.175,TF_IDF_17
com.weieyu.yalla,0.175,TF_IDF_17
com.dsquares.lucky,0.173,TF_IDF_17
com.amazon.appmanager,0.173,TF_IDF_17
io.swvl.customer,0.171,TF_IDF_17
com.youdao.hindict,0.169,TF_IDF_17
com.sec.android.easyMover,0.169,TF_IDF_17
info.t4w.vp,0.168,TF_IDF_17
com.xvideostudio.videoeditor,0.168,TF_IDF_17
com.sec.android.app.voicenote,0.168,TF_IDF_17
com.wego.android,0.168,TF_IDF_17
com.didiglobal.driver,0.167,TF_IDF_17
com.teacapps.barcodescanner,0.162,TF_IDF_16
com.samsung.android.voc,0.162,TF_IDF_16
com.playit.videoplayer,0.161,TF_IDF_16
com.samsung.android.app.notes,0.16,TF_IDF_16
com.t4w.ostora516,0.159,TF_IDF_16
com.coloros.backuprestore,0.157,TF_IDF_16
com.opera.browser,0.152,TF_IDF_15
com.amansuperapp,0.151,TF_IDF_15
com.invyad.konnash,0.15,TF_IDF_15
com.orange.eg.money,0.149,TF_IDF_15
eg.cashplus.loan.app,0.149,TF_IDF_15
com.LoopGames.Domino,0.149,TF_IDF_15
com.google.ar.lens,0.147,TF_IDF_15
com.elmenus.app,0.146,TF_IDF_15
im.thebot.messenger,0.146,TF_IDF_15
com.mrsool,0.145,TF_IDF_14
com.mi.global.bbs,0.145,TF_IDF_14
shareit.lite,0.145,TF_IDF_14
com.tester.wpswpatester,0.144,TF_IDF_14
com.mcdonalds.mobileapp,0.142,TF_IDF_14
com.facebook.mlite,0.142,TF_IDF_14
com.fungames.sniper3d,0.141,TF_IDF_14
com.etisalat.flous,0.14,TF_IDF_14
com.microsoft.office.officehubrow,0.14,TF_IDF_14
com.google.android.apps.docs.editors.sheets,0.138,TF_IDF_14
com.wildspike.wormszone,0.138,TF_IDF_14
com.flatfish.cal.privacy,0.138,TF_IDF_14
com.microsoft.office.word,0.137,TF_IDF_14
com.zhiliaoapp.musically.go,0.136,TF_IDF_14
com.springwalk.mediaconverter,0.135,TF_IDF_14
com.facebook.pages.app,0.134,TF_IDF_13
com.coloros.relax,0.134,TF_IDF_13
com.miui.android.fashiongallery,0.133,TF_IDF_13
com.project.imperialcreation.khaznaproject,0.132,TF_IDF_13
com.microsoft.office.outlook,0.13,TF_IDF_13
com.callapp.contacts,0.13,TF_IDF_13
com.ionicframework.vezeetapatientsmobile694843,0.129,TF_IDF_13
com.coloros.aftersalesservice,0.129,TF_IDF_13
com.google.android.apps.docs.editors.docs,0.128,TF_IDF_13
com.google.android.contacts,0.128,TF_IDF_13
com.expertoption,0.128,TF_IDF_13
com.opera.branding,0.128,TF_IDF_13
cn.wps.xiaomi.abroad.lite,0.127,TF_IDF_13
com.cicapital.cicf.android.myapplication,0.126,TF_IDF_13
as.wps.wpatester,0.126,TF_IDF_13
com.pinterest,0.125,TF_IDF_12
com.google.android.apps.adm,0.124,TF_IDF_12
com.mxtech.videoplayer.ad,0.123,TF_IDF_12
com.gbwhatsapp,0.123,TF_IDF_12
com.gamma.scan,0.122,TF_IDF_12
com.google.android.apps.books,0.122,TF_IDF_12
com.lazygeniouz.saveit,0.122,TF_IDF_12
com.micredit.in,0.121,TF_IDF_12
com.shazam.android,0.121,TF_IDF_12
free.videoplayer.musicplayer.mxplayer,0.121,TF_IDF_12
com.yahoo.mobile.client.android.mail,0.12,TF_IDF_12
com.logame.eliminateintruder3d,0.12,TF_IDF_12
com.opera.mini.native,0.12,TF_IDF_12
com.scores365,0.12,TF_IDF_12
com.samsung.android.email.provider,0.12,TF_IDF_12
com.azurgames.stackball,0.12,TF_IDF_12
all.video.downloader.allvideodownloader,0.12,TF_IDF_12
com.soccer.score.star,0.12,TF_IDF_12
com.billiards.city.pool.nation.club,0.12,TF_IDF_12
com.salamtak.app,0.119,TF_IDF_12
com.microsoft.office.excel,0.119,TF_IDF_12
com.loan.cash.credit.easycredit.egypt,0.119,TF_IDF_12
com.google.android.apps.nbu.files,0.117,TF_IDF_12
com.opera.preinstall,0.117,TF_IDF_12
ringtone.maker.mp3.cutter.audio,0.117,TF_IDF_12
com.emeint.android.mwallet.smartwallet,0.116,TF_IDF_12
com.realme.link,0.114,TF_IDF_11
com.isysway.free.alquran,0.114,TF_IDF_11
com.tickettothemoon.gradient.photo,0.113,TF_IDF_11
com.sukhavati.gotoplaying.bubble.BubbleShooter.mint,0.113,TF_IDF_11
com.samsung.android.oneconnect,0.113,TF_IDF_11
com.intsig.camscanner,0.111,TF_IDF_11
com.miui.mediaeditor,0.11,TF_IDF_11
sg.bigo.live,0.11,TF_IDF_11
com.kfc.egypt,0.109,TF_IDF_11
com.CIB.Digital.MB,0.109,TF_IDF_11
com.duokan.phone.remotecontroller,0.109,TF_IDF_11
com.starmakerinteractive.starmaker,0.109,TF_IDF_11
com.ketchapp.knifehit,0.109,TF_IDF_11
com.block.puzzle.game.hippo.mi,0.108,TF_IDF_11
com.quvideo.xiaoying,0.106,TF_IDF_11
com.firsttouchgames.dls7,0.106,TF_IDF_11
eg.gov.tra,0.105,TF_IDF_10
com.bigwinepot.nwdn.international,0.105,TF_IDF_10
com.paypal.android.p2pmobile,0.104,TF_IDF_10
com.king.candycrushsodasaga,0.104,TF_IDF_10
com.zytoona.wordscrush,0.104,TF_IDF_10
com.alibaba.aliexpresshd,0.102,TF_IDF_10
com.media.music.mp3.musicplayer,0.101,TF_IDF_10
com.sarmady.filgoal,0.101,TF_IDF_10
com.AppRocks.now.prayer,0.1,TF_IDF_10
com.canva.editor,0.1,TF_IDF_10
com.watchit.vod,0.099,TF_IDF_10
com.google.android.apps.youtube.creator,0.099,TF_IDF_10
com.jumia.one.android,0.098,TF_IDF_10
com.hatla2ee.hatla2ee_egypt,0.098,TF_IDF_10
ru.zdevs.zarchiver,0.098,TF_IDF_10
com.adobe.lrmobile,0.098,TF_IDF_10
com.cashbosseg.app,0.096,TF_IDF_10
com.dts.freefireth,0.096,TF_IDF_10
com.skgames.trafficrider,0.096,TF_IDF_10
com.aswat.carrefouruae,0.095,TF_IDF_10
com.eyecon.global,0.095,TF_IDF_10
com.google.android.apps.docs.editors.slides,0.095,TF_IDF_10
com.marsvard.stickermakerforwhatsapp,0.095,TF_IDF_10
video.reface.app,0.094,TF_IDF_09
jp.konami.pesam,0.094,TF_IDF_09
com.sapiq.loan.credit.lend.eg,0.093,TF_IDF_09
com.heytap.lab,0.093,TF_IDF_09
com.sec.android.app.shealth,0.093,TF_IDF_09
com.appstar.callrecorder,0.092,TF_IDF_09
com.ticno.olymptrade,0.091,TF_IDF_09
com.android.email,0.091,TF_IDF_09
ai.zolo.zolo,0.09,TF_IDF_09
io.faceapp,0.09,TF_IDF_09
com.activision.callofduty.shooter,0.09,TF_IDF_09
com.youmusic.magictiles,0.09,TF_IDF_09
com.mintgames.triplecrush.tile.fun,0.089,TF_IDF_09
com.appamanmicrofinance,0.089,TF_IDF_09
com.live.soulchill,0.089,TF_IDF_09
com.rarlab.rar,0.088,TF_IDF_09
com.UCMobile.intl,0.088,TF_IDF_09
com.weo.beeto,0.088,TF_IDF_09
com.BanqueMisr.MobileBanking,0.087,TF_IDF_09
com.google.android.inputmethod.latin,0.087,TF_IDF_09
com.facebook.adsmanager,0.086,TF_IDF_09
com.adobe.reader,0.085,TF_IDF_09
com.ofss.fcdb.mobile.android.phone.kernel.launcher.qa,0.085,TF_IDF_09
com.waveline.nabd,0.085,TF_IDF_09
com.google.earth,0.085,TF_IDF_09
com.azarlive.android,0.085,TF_IDF_09
org.zwanoo.android.speedtest,0.084,TF_IDF_08
com.camerasideas.instashot,0.084,TF_IDF_08
com.freeplay.runandfight,0.084,TF_IDF_08
com.hatunnel.plus,0.084,TF_IDF_08
com.eme.Dryve,0.083,TF_IDF_08
com.happymod.apk,0.083,TF_IDF_08
com.microsoft.teams,0.082,TF_IDF_08
com.file.explorer.manager.space.clean,0.082,TF_IDF_08
com.waffarha.devewest,0.081,TF_IDF_08
com.tencent.igxiaomi,0.081,TF_IDF_08
com.os.airforce,0.081,TF_IDF_08
com.niksoftware.snapseed,0.081,TF_IDF_08
com.informatique.tawsekmisr,0.08,TF_IDF_08
com.king.farmheroessaga,0.08,TF_IDF_08
com.sgiggle.production,0.08,TF_IDF_08
grit.storytel.app,0.08,TF_IDF_08
com.atomic.apps.ringtone.cutter,0.08,TF_IDF_08
com.hit.master,0.08,TF_IDF_08
com.bluecrunch.microfinance,0.079,TF_IDF_08
com.google.android.apps.work.clouddpc,0.079,TF_IDF_08
com.video.fun.app,0.079,TF_IDF_08
com.boundless.jawaker,0.078,TF_IDF_08
com.outfit7.mytalkingtomfriends,0.078,TF_IDF_08
com.outfit7.mytalkingangelafree,0.078,TF_IDF_08
game.bubble.shooter.dragon.pop,0.077,TF_IDF_08
com.firsttouchgames.story,0.077,TF_IDF_08
fb.video.downloader,0.076,TF_IDF_08
com.clogica.mp3cutter,0.076,TF_IDF_08
com.miui.newmidrive,0.076,TF_IDF_08
com.fanellapro.pocketestimation.android,0.076,TF_IDF_08
com.raya.aman,0.075,TF_IDF_07
com.osn.go,0.075,TF_IDF_07
com.gma.water.sort.puzzle,0.075,TF_IDF_07
com.skype.raider,0.075,TF_IDF_07
com.vng.g6.a.zombie,0.075,TF_IDF_07
team.opay.pay.egypt,0.074,TF_IDF_07
com.jewelsblast.ivygames.Adventure.free,0.074,TF_IDF_07
com.crazylabs.soap.cutting,0.074,TF_IDF_07
com.samsung.android.app.watchmanager,0.074,TF_IDF_07
com.samsung.sree,0.074,TF_IDF_07
com.playrix.homescapes,0.073,TF_IDF_07
com.standardar.service,0.073,TF_IDF_07
com.mast.status.video.edit,0.073,TF_IDF_07
com.firsttouchgames.dls3,0.073,TF_IDF_07
app.sarhne.com,0.073,TF_IDF_07
com.fingersoft.hillclimb,0.072,TF_IDF_07
com.obwhatsapp,0.072,TF_IDF_07
eg.contact,0.071,TF_IDF_07
com.parfield.prayers.lite,0.071,TF_IDF_07
com.orange.cash,0.071,TF_IDF_07
yallashoot.shoot.yalla.com.yallashoot.newapp,0.071,TF_IDF_07
net.andromo.dev540689.app521311,0.071,TF_IDF_07
jp.naver.line.android,0.071,TF_IDF_07
com.sec.android.app.music,0.071,TF_IDF_07
com.pronetis.ironball2,0.071,TF_IDF_07
video.downloader.videodownloader,0.071,TF_IDF_07
com.contextlogic.wish,0.07,TF_IDF_07
com.google.android.calendar,0.07,TF_IDF_07
com.playrix.township,0.069,TF_IDF_07
com.samsung.android.videolist,0.069,TF_IDF_07
com.crazylabs.tie.dye.art,0.069,TF_IDF_07
com.skgames.trafficracer,0.069,TF_IDF_07
com.crazy.juicer.xm,0.069,TF_IDF_07
homeworkout.homeworkouts.noequipment,0.069,TF_IDF_07
com.outfit7.mytalkingtom2,0.068,TF_IDF_07
com.rubygames.assassin,0.068,TF_IDF_07
eg.com.qnb.eazymobile,0.067,TF_IDF_07
sortpuz.water.sort.puzzle.game,0.067,TF_IDF_07
freeplay.crowdrun.com,0.067,TF_IDF_07
com.asiainno.uplive.aiglamour,0.067,TF_IDF_07
com.waffarx,0.066,TF_IDF_07
com.google.android.talk,0.066,TF_IDF_07
com.igg.android.lordsmobile,0.066,TF_IDF_07
com.ea.gp.fifamobile,0.066,TF_IDF_07
com.clubhouse.app,0.066,TF_IDF_07
com.vnstartllc.sort.water,0.066,TF_IDF_07
com.calculator.hideu,0.066,TF_IDF_07
com.playspare.watersort3d,0.066,TF_IDF_07
com.duolingo,0.065,TF_IDF_07
mp3videoconverter.videotomp3.videotomp3converter,0.065,TF_IDF_07
com.pl.premierleague,0.065,TF_IDF_07
com.miui.fm,0.065,TF_IDF_07
com.lemon.lvoverseas,0.065,TF_IDF_07
com.lszenlamzr.parkingjam,0.064,TF_IDF_06
com.discord,0.064,TF_IDF_06
com.themausoft.wpsapp,0.064,TF_IDF_06
com.inventivotech.yallakora,0.063,TF_IDF_06
com.xiaomi.midrop,0.063,TF_IDF_06
com.mi.health,0.063,TF_IDF_06
com.joeware.android.gpulumera,0.063,TF_IDF_06
com.google.android.apps.kids.familylink,0.062,TF_IDF_06
com.abyadtherock.egybasraarab,0.062,TF_IDF_06
com.camerasideas.trimmer,0.061,TF_IDF_06
com.daoke.ar,0.061,TF_IDF_06
com.whatsweb.app,0.061,TF_IDF_06
musicplayer.musicapps.music.mp3player,0.061,TF_IDF_06
com.rollic.tanglemaster3D,0.061,TF_IDF_06
com.hippogames.ludosaga,0.061,TF_IDF_06
com.defianttech.diskdigger,0.06,TF_IDF_06
facebook.video.downloader.savefrom.fb,0.06,TF_IDF_06
com.mahrajanat.mahrajanat2021,0.06,TF_IDF_06
org.videolan.vlc,0.059,TF_IDF_06
net.sarmady.contactcarswithtabs,0.059,TF_IDF_06
com.gamebasics.osm,0.059,TF_IDF_06
com.supercell.clashofclans,0.059,TF_IDF_06
com.outfit7.talkingtomgoldrun,0.059,TF_IDF_06
com.amanotes.beathopper,0.059,TF_IDF_06
com.adobe.psmobile,0.059,TF_IDF_06
com.ansangha.drdriving,0.059,TF_IDF_06
com.jetstartgames.chess,0.059,TF_IDF_06
com.vialsoft.radarbot_free,0.058,TF_IDF_06
com.jumiafood.android,0.058,TF_IDF_06
vsin.t16_funny_photo,0.058,TF_IDF_06
com.maroieqrwlk.unpin,0.058,TF_IDF_06
com.touchtype.swiftkey,0.058,TF_IDF_06
com.pubg.newstate,0.058,TF_IDF_06
com.game.space.shooter2,0.058,TF_IDF_06
sami.pro.keyboard.free,0.058,TF_IDF_06
in.sweatco.app,0.057,TF_IDF_06
com.binance.dev,0.057,TF_IDF_06
com.sowar.montagevideo.ajmalsowar.musicmp3,0.057,TF_IDF_06
eg.lending.alina3.android,0.057,TF_IDF_06
com.netflix.partner.activation,0.057,TF_IDF_06
video.player.videoplayer,0.057,TF_IDF_06
com.biglime.cookingmadness,0.057,TF_IDF_06
com.halo.wifikey.wifilocating,0.057,TF_IDF_06
org.thoughtcrime.securesms,0.056,TF_IDF_06
com.google.android.apps.authenticator2,0.056,TF_IDF_06
com.blockchainvault,0.056,TF_IDF_06
deezer.android.app,0.056,TF_IDF_06
com.arabyfree.zaaaaakh,0.056,TF_IDF_06
com.cutie.merge.garden,0.056,TF_IDF_06
com.Garawell.BridgeRace,0.056,TF_IDF_06
com.ss.android.ugc.boom,0.056,TF_IDF_06
com.rsupport.rs.activity.rsupport.aas2,0.056,TF_IDF_06
com.firsttouchgames.hero2,0.056,TF_IDF_06
io.telda.app,0.055,TF_IDF_06
com.blnk.shop_now_pay_later,0.055,TF_IDF_06
com.block.jigsaw.puzzle.gallery,0.055,TF_IDF_06
com.microsoft.office.powerpoint,0.055,TF_IDF_06
com.Video_Mobile_VM.Damj_Sowar_2019,0.055,TF_IDF_06
com.firsttouchgames.smp,0.055,TF_IDF_06
hd.video.downloader.app.hdvideodownloaderapp,0.055,TF_IDF_06
com.google.android.apps.googleassistant,0.055,TF_IDF_06
com.mhraganatElsawyApps.com,0.055,TF_IDF_06
com.CarXTech.highWay,0.055,TF_IDF_06
otlob.UI,0.054,TF_IDF_05
com.microsoft.skydrive,0.054,TF_IDF_05
com.zamericanenglish,0.054,TF_IDF_05
com.google.android.apps.youtube.kids,0.054,TF_IDF_05
com.pita.oyem,0.054,TF_IDF_05
org.mozilla.firefox,0.053,TF_IDF_05
paymob.app.raseedy,0.053,TF_IDF_05
io.paysky.yalla,0.053,TF_IDF_05
com.playrix.gardenscapes,0.053,TF_IDF_05
com.overlook.android.fing,0.053,TF_IDF_05
com.a64bit.simswitcher,0.053,TF_IDF_05
org.telegram.messenger.web,0.053,TF_IDF_05
videoeditor.videorecorder.screenrecorder,0.053,TF_IDF_05
com.tencent.iglite,0.053,TF_IDF_05
me.mycake,0.053,TF_IDF_05
net.mobigame.zombietsunami,0.053,TF_IDF_05
com.huawei.fastapp,0.053,TF_IDF_05
com.co.silverclub,0.053,TF_IDF_05
glitchvideoeditor.videoeffects.glitchvideoeffect,0.053,TF_IDF_05
com.revanen.athkar,0.052,TF_IDF_05
com.google.android.keep,0.052,TF_IDF_05
com.netqin.ps,0.052,TF_IDF_05
com.root.clean.boost.explorer.filemanager,0.052,TF_IDF_05
com.andromo.dev540689.app522042,0.052,TF_IDF_05
com.alien.shooter.galaxy.attack,0.052,TF_IDF_05
ru.skillcap.dominoes,0.052,TF_IDF_05
com.huawei.honorclub.android,0.052,TF_IDF_05
com.litatom.app,0.052,TF_IDF_05
com.mobile.legends,0.052,TF_IDF_05
com.luckyboss.unibuy,0.051,TF_IDF_05
com.banaa.videoimagesmo,0.051,TF_IDF_05
com.mvmaster.videomaker,0.051,TF_IDF_05
com.lbe.parallel.intl,0.051,TF_IDF_05
sort.water.puzzle.pour.color.tubes.sorting.game,0.051,TF_IDF_05
com.tinder,0.051,TF_IDF_05
com.callblocker.whocalledme,0.051,TF_IDF_05
com.huawei.ohos.inputmethod,0.051,TF_IDF_05
com.roblox.client,0.05,TF_IDF_05
com.maher4web.quran,0.05,TF_IDF_05
com.iposedon.lite.bbricksball,0.05,TF_IDF_05
com.games.bottle,0.05,TF_IDF_05
com.coloros.icloudrestore,0.05,TF_IDF_05
com.lumber.inc,0.05,TF_IDF_05
com.android.vending.billing.InAppBillingService.BINN,0.05,TF_IDF_05
com.emeint.android.mwallet,0.049,TF_IDF_05
com.google.android.apps.vega,0.049,TF_IDF_05
com.opensooq.OpenSooq,0.049,TF_IDF_05
com.sega.sonicdash,0.049,TF_IDF_05
videoeditor.videomaker.videoeditorforyoutube,0.049,TF_IDF_05
com.search.music.mp3.musicplayer,0.049,TF_IDF_05
com.lyrebirdstudio.cartoon,0.049,TF_IDF_05
com.supercell.clashroyale,0.049,TF_IDF_05
com.vectorunit.purple.googleplay,0.049,TF_IDF_05
com.maxab.maxab,0.048,TF_IDF_05
com.rayashop.store,0.048,TF_IDF_05
com.TE.WEWallet,0.048,TF_IDF_05
app.source.getcontact,0.048,TF_IDF_05
com.google.android.apps.messaging,0.048,TF_IDF_05
com.huawei.hwid,0.048,TF_IDF_05
qrscanner.barcodescanner.barcodereader.qrcodereader,0.048,TF_IDF_05
com.rasheedsoft.million,0.048,TF_IDF_05
com.crazylabs.mr.bullet.puzzle.game3d,0.048,TF_IDF_05
com.outfit7.herodash,0.048,TF_IDF_05
com.WhatsApp4Plus,0.048,TF_IDF_05
com.lyrebirdstudio.neon_art,0.048,TF_IDF_05
downloader.vitmate.downloaderapp,0.048,TF_IDF_05
com.forsa.Forsa,0.047,TF_IDF_05
elbanna.khaled.egytrains,0.047,TF_IDF_05
puzzle.blockpuzzle.cube.relax,0.047,TF_IDF_05
com.tasaheel.loancollector,0.047,TF_IDF_05
com.flashalerts3.oncallsmsforall,0.047,TF_IDF_05
com.topgamesinc.evony,0.047,TF_IDF_05
fi.twomenandadog.zombiecatchers,0.047,TF_IDF_05
space.moheb.vodafonecash,0.046,TF_IDF_05
com.bitstrips.imoji,0.046,TF_IDF_05
com.playrix.fishdomdd.gplay,0.046,TF_IDF_05
com.inspiredsquare.blocks,0.046,TF_IDF_05
com.superbinogo.jungleboyadventure,0.046,TF_IDF_05
com.funplus.familyfarm,0.046,TF_IDF_05
com.combineinc.streetracing.driftthreeD,0.046,TF_IDF_05
com.sgs.antiterrorism.counterattack.commandomissiongame,0.046,TF_IDF_05
com.mekasataty,0.045,TF_IDF_04
com.gobuseg,0.045,TF_IDF_04
com.iqoption,0.045,TF_IDF_04
com.BallGames.Woodturning,0.045,TF_IDF_04
com.simppro.quran,0.045,TF_IDF_04
com.camelgames.aoz,0.045,TF_IDF_04
com.ea.game.nfs14_row,0.045,TF_IDF_04
com.lyrebirdstudio.collage,0.045,TF_IDF_04
com.meiqijiacheng.sango,0.045,TF_IDF_04
com.outfit7.mytalkingtomfree,0.044,TF_IDF_04
com.newnormalgames.phonecasediy,0.044,TF_IDF_04
xyz.kwai.lolita.memes,0.044,TF_IDF_04
com.lbe.parallel.intl.arm64,0.044,TF_IDF_04
com.samsung.android.six.webtrans,0.044,TF_IDF_04
mobi.gameguru.slapkings,0.044,TF_IDF_04
fast.safe.guard.vpn,0.044,TF_IDF_04
com.appsomniacs.da2,0.044,TF_IDF_04
com.jumpy.jumpingzoo,0.044,TF_IDF_04
com.bubble.free.bubblestory,0.044,TF_IDF_04
com.gamma.find.diff,0.044,TF_IDF_04
com.esm3.MusicMahraganat,0.044,TF_IDF_04
com.instabridge.android,0.044,TF_IDF_04
conquer.the.city.takeover.battle,0.044,TF_IDF_04
enr.transit.maf,0.043,TF_IDF_04
com.huawei.health,0.043,TF_IDF_04
com.mobile.myeye,0.043,TF_IDF_04
com.google.android.youtube,0.043,TF_IDF_04
com.alphainventor.filemanager,0.043,TF_IDF_04
com.bitsmedia.android.muslimpro,0.043,TF_IDF_04
com.cleanteam.oneboost,0.043,TF_IDF_04
com.WhatsApp3Plus,0.043,TF_IDF_04
tw.mobileapp.qrcode.banner,0.043,TF_IDF_04
com.dencreak.dlcalculator,0.042,TF_IDF_04
com.breadfast,0.042,TF_IDF_04
com.karim.khatma,0.042,TF_IDF_04
com.miniclip.footballstrike,0.042,TF_IDF_04
com.samsung.android.app.networkstoragemanager,0.042,TF_IDF_04
com.h20soft.slideshow.videomaker.videoeditor,0.042,TF_IDF_04
com.rioo.runnersubway,0.042,TF_IDF_04
com.fast.free.unblock.secure.vpn,0.042,TF_IDF_04
com.truecaller.guardians,0.042,TF_IDF_04
com.frontrow.vlog,0.042,TF_IDF_04
com.didilabs.kaavefali,0.041,TF_IDF_04
com.emisr.pay,0.041,TF_IDF_04
com.whatsapp.wallpaper,0.041,TF_IDF_04
com.cooyostudio.marble.blast,0.041,TF_IDF_04
com.sofeh.android.musicstudio3,0.041,TF_IDF_04
com.yumy.live,0.041,TF_IDF_04
photo.editor.photoeditor.photoeditorpro,0.041,TF_IDF_04
com.mgoogle.android.gms,0.041,TF_IDF_04
statussaver.statusdownloader.downloadstatus.videoimagesaver,0.041,TF_IDF_04
com.nanotribe.games.arrowfest,0.041,TF_IDF_04
com.emoji.coolkeyboard,0.041,TF_IDF_04
hd.camera,0.041,TF_IDF_04
com.gameloft.android.ANMP.GloftA9HM,0.041,TF_IDF_04
com.generagames.resistance,0.041,TF_IDF_04
com.emeint.android.mwallet.bm,0.04,TF_IDF_04
com.efinance.easypay,0.04,TF_IDF_04
com.instantbits.cast.webvideo,0.04,TF_IDF_04
com.game.friends.android,0.04,TF_IDF_04
com.i.video.recorder,0.04,TF_IDF_04
com.google.android.apps.adwords,0.04,TF_IDF_04
com.premise.android.prod,0.04,TF_IDF_04
bubbleshooter.orig,0.04,TF_IDF_04
com.badambiz.pk.arab,0.04,TF_IDF_04
com.masarat.salati,0.04,TF_IDF_04
com.instagram.lite,0.04,TF_IDF_04
com.gofiveglobal.fashion.dress.up,0.04,TF_IDF_04
bubble.shoot.bubbles.game.saga.world,0.04,TF_IDF_04
com.aim.racing,0.04,TF_IDF_04
com.outfit7.mytalkingangela2,0.04,TF_IDF_04
com.windforce.ludobar.android,0.04,TF_IDF_04
com.Atto.Beyond.cleaner,0.04,TF_IDF_04
easy.sudoku.puzzle.solver.free,0.039,TF_IDF_04
com.noonEdu.k12App,0.039,TF_IDF_04
com.egyptrains.daniel,0.039,TF_IDF_04
com.apkpure.aegon,0.039,TF_IDF_04
com.domobile.applock,0.039,TF_IDF_04
com.kii.safe,0.039,TF_IDF_04
com.monotype.android.font.cooljazz,0.039,TF_IDF_04
screenrecorder.recorder.editor,0.039,TF_IDF_04
zombie.survival.dead.shooting,0.039,TF_IDF_04
com.newtawfeer,0.038,TF_IDF_04
com.th.ringtone.maker,0.038,TF_IDF_04
com.cyberlink.youcammakeup,0.038,TF_IDF_04
com.slippy.linerusher,0.038,TF_IDF_04
com.imo.android.imoimbeta,0.038,TF_IDF_04
com.duokan.phone.remotecontroller.peel.plugin,0.038,TF_IDF_04
com.huawei.android.hsf,0.038,TF_IDF_04
org.contentarcade.apps.logomaker,0.038,TF_IDF_04
com.miui.calculator,0.038,TF_IDF_04
mahrajanat.masr,0.038,TF_IDF_04
com.google.android.apps.chromecast.app,0.038,TF_IDF_04
com.asiainno.uplive,0.038,TF_IDF_04
com.utincomputer.hyperovertake,0.038,TF_IDF_04
com.aero,0.038,TF_IDF_04
com.axismarkets.thndr,0.037,TF_IDF_04
com.google.android.apps.meetings,0.037,TF_IDF_04
com.excelliance.multiaccounts,0.037,TF_IDF_04
com.venticake.retrica,0.037,TF_IDF_04
com.GMA.Ball.Sort.Puzzle,0.037,TF_IDF_04
com.hdwallpaper.wallpaper,0.037,TF_IDF_04
com.zuuks.bus.simulator.ultimate,0.037,TF_IDF_04
com.fgol.HungrySharkEvolution,0.037,TF_IDF_04
hr.asseco.android.intesa.isbd.mbanking.alex,0.036,TF_IDF_04
com.alina3.credit.loan.eg,0.036,TF_IDF_04
com.esim.numero,0.036,TF_IDF_04
com.clogica.videoeditor,0.036,TF_IDF_04
com.sec.spp.push,0.036,TF_IDF_04
com.webapp.aj.white_sands,0.036,TF_IDF_04
com.ibimuyu.lockscreen,0.036,TF_IDF_04
com.crazylabs.rubber.band.asmr.cut,0.036,TF_IDF_04
com.touchtao.soccerkinggoogle,0.036,TF_IDF_04
com.samsung.android.app.notes.addons,0.036,TF_IDF_04
com.google.android.apps.searchlite,0.036,TF_IDF_04
com.imo.android.imoimhd,0.036,TF_IDF_04
com.simppro.quran.mishary.rashid.alafasy.offline,0.036,TF_IDF_04
com.junkremoval.pro,0.036,TF_IDF_04
xyz.easypro.httpcustom,0.036,TF_IDF_04
com.vodafone.spoc,0.035,TF_IDF_04
com.zzkko,0.035,TF_IDF_04
com.medex.yodawy,0.035,TF_IDF_04
com.hisn.almuslim,0.035,TF_IDF_04
premiumCard.app,0.035,TF_IDF_04
com.tfgco.games.sports.free.tennis.clash,0.035,TF_IDF_04
com.razer.cortex,0.035,TF_IDF_04
com.lyrebirdstudio.pip_collage,0.035,TF_IDF_04
com.sarmady.filgoal.fantasy,0.035,TF_IDF_04
com.google.android.apps.navlite,0.035,TF_IDF_04
com.ivuu,0.035,TF_IDF_04
park.master.car.parking.games,0.035,TF_IDF_04
com.gokids.transportbuilding,0.035,TF_IDF_04
com.igoldtech.streetchaser,0.035,TF_IDF_04
musicplayer.hdvideoplayer.backgroundmusic,0.035,TF_IDF_04
com.monotype.android.font.samsungsans,0.035,TF_IDF_04
com.voicemaker.android,0.035,TF_IDF_04
io.yarsa.games.ludo,0.035,TF_IDF_04
cm.aptoide.pt,0.035,TF_IDF_04
org.nixgame.ruler,0.035,TF_IDF_04
com.gameloft.android.ANMP.GloftA8HM,0.035,TF_IDF_04
moi.com.excel.moi,0.034,TF_IDF_03
com.lucky.merchant,0.034,TF_IDF_03
ae.admedia.ADMCSport,0.034,TF_IDF_03
com.soomapps.screenmirroring,0.034,TF_IDF_03
com.andromo.dev540689.app521846,0.034,TF_IDF_03
com.superbox.aos.fire2048,0.034,TF_IDF_03
com.braindom2riddle,0.034,TF_IDF_03
rail.egypt,0.034,TF_IDF_03
co.itplus.itop,0.034,TF_IDF_03
com.mjplus.learnarabic,0.034,TF_IDF_03
com.hicloud.android.clone,0.034,TF_IDF_03
com.harvest.io,0.034,TF_IDF_03
com.cam001.selfie,0.034,TF_IDF_03
com.scorp.who,0.034,TF_IDF_03
com.Zeeppo.ChaosRoad,0.034,TF_IDF_03
com.playgendary.tanks,0.034,TF_IDF_03
com.dancing.smash.hop.game.tiles.circles.beat.paino,0.034,TF_IDF_03
com.mico,0.034,TF_IDF_03
com.safeum.android,0.034,TF_IDF_03
com.yoozoogames.ludogameallstar,0.034,TF_IDF_03
com.hld.anzenbokusucal,0.034,TF_IDF_03
net.megawave.flashalerts,0.034,TF_IDF_03
com.CA.Push,0.033,TF_IDF_03
com.crazylabs.hair.dye.challenge,0.033,TF_IDF_03
qrcodereader.barcodescanner.scan.qrscanner,0.033,TF_IDF_03
wild.west.sniper,0.033,TF_IDF_03
com.ai.face.play,0.033,TF_IDF_03
com.marulgames.wordsurf,0.033,TF_IDF_03
com.hulahoop.android,0.033,TF_IDF_03
com.chicken.shooter.galaxyattack.space.invader,0.033,TF_IDF_03
com.monotype.android.font.rosemary,0.033,TF_IDF_03
com.fun.share,0.033,TF_IDF_03
com.music.player.simple,0.033,TF_IDF_03
com.gstarmc.android,0.032,TF_IDF_03
com.google.android.calculator,0.032,TF_IDF_03
com.vanced.android.youtube,0.032,TF_IDF_03
com.almowafir.app,0.032,TF_IDF_03
com.realmecomm.app,0.032,TF_IDF_03
com.salfne.android,0.032,TF_IDF_03
com.simppro.quran.tajweed,0.032,TF_IDF_03
net.peakgames.amy,0.032,TF_IDF_03
net.andromo.dev540689.app520732,0.032,TF_IDF_03
com.outfit7.talkingtom,0.032,TF_IDF_03
pdf.tap.scanner,0.032,TF_IDF_03
com.MegaJoy.PrisonBreak68,0.032,TF_IDF_03
com.google.android.ims,0.032,TF_IDF_03
com.oubapps.po.ch,0.032,TF_IDF_03
com.Upperpik.HairChallenge,0.032,TF_IDF_03
plus.H532FACF1,0.032,TF_IDF_03
io.state.fight,0.032,TF_IDF_03
com.teamviewer.teamviewer.market.mobile,0.032,TF_IDF_03
com.huawei.ucdlockscreen,0.032,TF_IDF_03
com.splendapps.voicerec,0.032,TF_IDF_03
com.xiaomi.hm.health,0.032,TF_IDF_03
com.android.bbk.lockscreen3,0.032,TF_IDF_03
com.badambiz.poker,0.032,TF_IDF_03
mkisly.backgammon.tawla,0.032,TF_IDF_03
mobi.gameguru.racingfevermoto,0.032,TF_IDF_03
com.newandromo.dev257677.app823151,0.032,TF_IDF_03
com.tiramisu.driftmax2,0.032,TF_IDF_03
team.opay.pos.egypt.mobileapp,0.031,TF_IDF_03
com.payeer,0.031,TF_IDF_03
com.fbs.pa,0.031,TF_IDF_03
com.mobirix.zumaking2,0.031,TF_IDF_03
vn.remove.photo.content,0.031,TF_IDF_03
cn.xiaofengkj.fitpro,0.031,TF_IDF_03
loppipoppi.dominoes,0.031,TF_IDF_03
com.infinix.xshare,0.031,TF_IDF_03
com.masomo.headball2,0.031,TF_IDF_03
com.colobolo.chainball,0.031,TF_IDF_03
com.unicostudio.braintest,0.031,TF_IDF_03
block.puzzle.sudoku.free.game.classic.offline,0.031,TF_IDF_03
com.simppro.quran.tafseer.offline,0.031,TF_IDF_03
com.easybrain.block.puzzle.games,0.031,TF_IDF_03
org.xbet.client1,0.031,TF_IDF_03
com.matchingham.bethejudge,0.031,TF_IDF_03
com.rovio.baba,0.031,TF_IDF_03
com.foodora.courier,0.031,TF_IDF_03
com.king.crash,0.031,TF_IDF_03
com.redcell.goldandgoblins,0.031,TF_IDF_03
com.fungames.battletanksbeta,0.031,TF_IDF_03
com.facebook.creatorstudio,0.031,TF_IDF_03
com.miui.enbbs,0.031,TF_IDF_03
video.like.lite,0.031,TF_IDF_03
com.gridplus.collagemaker,0.031,TF_IDF_03
com.merge.cube.winner,0.031,TF_IDF_03
com.android.vending.licensing.ILicensingService,0.031,TF_IDF_03
com.photgr.artlb,0.031,TF_IDF_03
com.twobegypt.android,0.03,TF_IDF_03
ptv.bein.mena,0.03,TF_IDF_03
com.BankMisrSoftToken,0.03,TF_IDF_03
com.private.dialer,0.03,TF_IDF_03
com.touchin.perfectmoney,0.03,TF_IDF_03
com.stedor.instashop,0.03,TF_IDF_03
com.solou.catendless.run,0.03,TF_IDF_03
com.phycod.drugeye,0.03,TF_IDF_03
production.uva.driver,0.03,TF_IDF_03
com.mfk4apps.muslimhouse,0.03,TF_IDF_03
com.zytoona.lostword2,0.03,TF_IDF_03
com.tripledot.solitaire,0.03,TF_IDF_03
musclebooster.workout.home.gym.abs.loseweight,0.03,TF_IDF_03
com.app.orsozoxi,0.03,TF_IDF_03
com.innovolve.iqraaly,0.03,TF_IDF_03
com.teamseries.lotus,0.03,TF_IDF_03
com.vladk.pipemasters,0.03,TF_IDF_03
com.Born2Play.StackyDash,0.03,TF_IDF_03
com.billiards.shooting.ball.pool,0.03,TF_IDF_03
com.demin.emojipuzzle,0.03,TF_IDF_03
free.video.downloader.freevideodownloader,0.03,TF_IDF_03
com.tencent.igoppo,0.03,TF_IDF_03
candymanor.homedesign.match3,0.03,TF_IDF_03
com.gta.real.gangster.crime,0.03,TF_IDF_03
com.indeed.android.jobsearch,0.03,TF_IDF_03
icv.resume.curriculumvitae,0.03,TF_IDF_03
xbean.image.picture.translate.ocr,0.029,TF_IDF_03
com.horizons.tut,0.029,TF_IDF_03
com.bazooka.bazooka,0.029,TF_IDF_03
com.fundevs.app.mediaconverter,0.029,TF_IDF_03
com.Lightneer.BazookaBoy,0.029,TF_IDF_03
com.sanhe.clipclaps,0.029,TF_IDF_03
com.xsdev.pdfreader.pdfeditor.pdf.document,0.029,TF_IDF_03
com.nexa.statusdownloaderforwp,0.029,TF_IDF_03
com.revesoft.itelmobiledialer.dialer,0.029,TF_IDF_03
com.lightricks.pixaloop,0.029,TF_IDF_03
app.jawab.chat,0.029,TF_IDF_03
com.google.android.street,0.029,TF_IDF_03
com.imangi.templerun,0.029,TF_IDF_03
vidmob.video.audio.mixer,0.029,TF_IDF_03
sixpack.sixpackabs.absworkout,0.029,TF_IDF_03
com.floatingtunes.youtubeplayer.topmusic,0.029,TF_IDF_03
com.etisalat.music,0.029,TF_IDF_03
com.mediastudio.allvideodownloader.downloadvideoshd.bestdownloader,0.029,TF_IDF_03
com.zuuks.truck.simulator.euro,0.029,TF_IDF_03
free.translate.all.language.translator,0.029,TF_IDF_03
com.monotype.android.font.chococooky,0.029,TF_IDF_03
com.mobirix.airhockey,0.029,TF_IDF_03
com.llx.chess,0.029,TF_IDF_03
com.harmonika,0.029,TF_IDF_03
com.handycloset.android.eraser,0.029,TF_IDF_03
com.match3blaster.DropStackBallFall,0.029,TF_IDF_03
com.Celltop.SpiralRoll,0.029,TF_IDF_03
com.trivago,0.029,TF_IDF_03
itube.snaptube.videodervideoplayerall,0.029,TF_IDF_03
gtpay.gtronicspay.com,0.028,TF_IDF_03
com.quranlms,0.028,TF_IDF_03
videodownloader.fbvideodownloader.facebookvideodownloader.videodownloaderforfacebook,0.028,TF_IDF_03
com.moneybookers.skrillpayments,0.028,TF_IDF_03
advanced.scientific.calculator.calc991.plus,0.028,TF_IDF_03
com.king.petrescuesaga,0.028,TF_IDF_03
com.orange.kidspiano.music.songs,0.028,TF_IDF_03
com.google.android.apps.mapslite,0.028,TF_IDF_03
me.dingtone.app.im,0.028,TF_IDF_03
com.samsung.android.icecone,0.028,TF_IDF_03
com.ea.game.pvzfree_row,0.028,TF_IDF_03
com.alaelden.provider,0.028,TF_IDF_03
com.king.candycrush4,0.028,TF_IDF_03
com.u1.CashFamily,0.028,TF_IDF_03
com.awi.waseet,0.028,TF_IDF_03
org.thunderdog.challegram,0.028,TF_IDF_03
com.imo.android.imoimlite,0.028,TF_IDF_03
com.lookandfeel.qrcodescanner,0.028,TF_IDF_03
com.worldclass.status.downloader,0.028,TF_IDF_03
com.carry1st.spongebob,0.028,TF_IDF_03
games.spearmint.triplecrush,0.028,TF_IDF_03
com.fatynid.geowasf,0.028,TF_IDF_03
com.ubisoft.hungrysharkworld,0.028,TF_IDF_03
tech.gplanet.shopx,0.027,TF_IDF_03
com.emeint.android.mwallet.alexbank,0.027,TF_IDF_03
com.microsoft.appmanager,0.027,TF_IDF_03
free.os.jump.superbros.adventure.world,0.027,TF_IDF_03
net.supertreat.solitaire,0.027,TF_IDF_03
air.com.myheritage.mobile,0.027,TF_IDF_03
com.topwar.gp,0.027,TF_IDF_03
com.quran.labs.androidquran,0.027,TF_IDF_03
com.tilemaster.puzzle.block.match,0.027,TF_IDF_03
com.exness.android.pa,0.027,TF_IDF_03
com.ahmed53.quraan,0.027,TF_IDF_03
com.wtmp.svdsoftware,0.027,TF_IDF_03
com.u1.gocashm,0.027,TF_IDF_03
com.appmind.radios.egypt,0.027,TF_IDF_03
com.happytools.learning.kids.games,0.027,TF_IDF_03
com.brave.browser,0.027,TF_IDF_03
com.wallet.crypto.trustapp,0.027,TF_IDF_03
com.mi.global.pocobbs,0.027,TF_IDF_03
net.finhive.angel,0.027,TF_IDF_03
com.google.android.apps.classroom,0.027,TF_IDF_03
io.swvl.captain,0.027,TF_IDF_03
com.appsinnova.android.keepclean,0.027,TF_IDF_03
com.dv.adm,0.027,TF_IDF_03
com.facebook.games,0.027,TF_IDF_03
com.cookingcity.chef.kitchen.craze.fever,0.027,TF_IDF_03
com.esm3.mahraganat,0.027,TF_IDF_03
com.for9a.androidfor9a,0.027,TF_IDF_03
water.sort.color.puzzle.games,0.027,TF_IDF_03
com.olzhas.carparking.multyplayer,0.027,TF_IDF_03
com.zuuks.truck.simulator.ultimate,0.027,TF_IDF_03
com.photoroom.app,0.027,TF_IDF_03
com.miui.notes,0.027,TF_IDF_03
com.android.soundrecorder,0.027,TF_IDF_03
com.xiaomi.scanner,0.027,TF_IDF_03
com.nekki.shadowfight3,0.027,TF_IDF_03
com.h8games.DoodleRun3D,0.027,TF_IDF_03
com.playgendary.creamaster,0.027,TF_IDF_03
audioplayer.musicplayer.bassboost,0.027,TF_IDF_03
com.dstukalov.walocalstoragestickers,0.026,TF_IDF_03
net.metaquotes.metatrader5,0.026,TF_IDF_03
app.Aman,0.026,TF_IDF_03
com.transsion.phonemaster,0.026,TF_IDF_03
net.metaquotes.metatrader4,0.026,TF_IDF_03
io.botler.wasla,0.026,TF_IDF_03
com.paypal.merchant.client,0.026,TF_IDF_03
com.xdev.docxreader.docx.docxviewer.document.doc.office.viewer.reader.word,0.026,TF_IDF_03
com.ltlk.z7,0.026,TF_IDF_03
com.ytv.player,0.026,TF_IDF_03
ver3.ycntivi.off,0.026,TF_IDF_03
com.google.android.apps.plus,0.026,TF_IDF_03
com.vkontakte.android,0.026,TF_IDF_03
com.phot.recovrpro,0.026,TF_IDF_03
com.youm7.news,0.026,TF_IDF_03
air.com.beachbumgammon,0.026,TF_IDF_03
wp.wattpad,0.026,TF_IDF_03
videoplayer.videodownloader.hdvideoplayer,0.026,TF_IDF_03
com.starzly,0.026,TF_IDF_03
com.emeint.android.mwallet.qnb,0.026,TF_IDF_03
com.soundryt.music,0.026,TF_IDF_03
com.miui.weather2,0.026,TF_IDF_03
com.brokendiamond.advance.car.parking.driving.school,0.026,TF_IDF_03
com.grindrapp.android,0.026,TF_IDF_03
com.visiting.businesscardmaker,0.026,TF_IDF_03
com.arcsys.tictactoe,0.026,TF_IDF_03
com.uc.browser.en,0.026,TF_IDF_03
com.recorder.music.bstech.videoplayer,0.026,TF_IDF_03
com.CIBEgyptSecureToken,0.025,TF_IDF_03
com.media.music.videomaker.slideshow,0.025,TF_IDF_03
com.capiter.merchant,0.025,TF_IDF_03
com.socialnmobile.dictapps.notepad.color.note,0.025,TF_IDF_03
com.seelfa.bills,0.025,TF_IDF_03
com.dropbox.android,0.025,TF_IDF_03
com.stupeflix.replay,0.025,TF_IDF_03
com.caip,0.025,TF_IDF_03
com.moslay,0.025,TF_IDF_03
com.mcu.hilook,0.025,TF_IDF_03
com.jima.modern.tuktuk.auto.rickshaw.driving.game.simulator,0.025,TF_IDF_03
com.amelosinteractive.snake,0.025,TF_IDF_03
statussaver.deleted.messages.savevidieos,0.025,TF_IDF_03
com.mobeasy,0.025,TF_IDF_03
com.yozo.vivo.office,0.025,TF_IDF_03
com.king.bubblewitch3,0.025,TF_IDF_03
com.ob2whatsapp,0.025,TF_IDF_03
com.holalive.ui,0.025,TF_IDF_03
paint.by.number.pixel.art.coloring.drawing.puzzle,0.025,TF_IDF_03
com.imangi.templerun2,0.025,TF_IDF_03
net.apex_designs.payback2,0.025,TF_IDF_03
com.arabbank.arabimobilev2,0.025,TF_IDF_03
com.miui.screenrecorder,0.025,TF_IDF_03
com.agedstudio.board.game.dominoes,0.025,TF_IDF_03
com.zytoona.onehit,0.025,TF_IDF_03
com.momkn.newapp,0.024,TF_IDF_02
com.dreamgames.royalmatch,0.024,TF_IDF_02
com.google.android.apps.photos.scanner,0.024,TF_IDF_02
com.xapps.dream2000,0.024,TF_IDF_02
pi.browser,0.024,TF_IDF_02
and.onemt.war.ar,0.024,TF_IDF_02
com.codingjet.mokhalfaty,0.024,TF_IDF_02
com.waze,0.024,TF_IDF_02
whats.app.family.tracker,0.024,TF_IDF_02
com.mojang.minecraftpe,0.024,TF_IDF_02
photo.editor.photoeditor.filtersforpictures,0.024,TF_IDF_02
com.marbleblast.zuma.marblegame,0.024,TF_IDF_02
vidmob.tarkib.video.sowar,0.024,TF_IDF_02
mega.privacy.android.app,0.024,TF_IDF_02
com.et3arraf.Et3arrafApp,0.024,TF_IDF_02
com.xten.starfall,0.024,TF_IDF_02
com.trkstudio.counter,0.024,TF_IDF_02
com.tripledot.woodoku,0.024,TF_IDF_02
com.gma.ball.sort.color.water.puzzle,0.024,TF_IDF_02
com.finjanapps.syla,0.024,TF_IDF_02
get.pid.egypt.health.passport,0.023,TF_IDF_02
com.swd.tracker,0.023,TF_IDF_02
com.nexa.fbvideodownloader,0.023,TF_IDF_02
com.google.android.apps.youtube.mango,0.023,TF_IDF_02
quicker.network.world,0.023,TF_IDF_02
com.bgg.jump,0.023,TF_IDF_02
bubble.shooter.exxtreme,0.023,TF_IDF_02
com.dsi.ant.service.socket,0.023,TF_IDF_02
com.ph.egypt,0.023,TF_IDF_02
com.callerid.block,0.023,TF_IDF_02
com.opera.app.newslite,0.023,TF_IDF_02
com.crazylabs.asmr.cut,0.023,TF_IDF_02
io.wifimap.wifimap,0.023,TF_IDF_02
war.of.islands,0.023,TF_IDF_02
com.avast.android.mobilesecurity,0.023,TF_IDF_02
com.fatynid.amrdiab,0.023,TF_IDF_02
eg.com.eserve.sehatmisr,0.022,TF_IDF_02
com.antivirus,0.022,TF_IDF_02
com.homzmart,0.022,TF_IDF_02
com.ecsolutions.caishny,0.022,TF_IDF_02
com.azure.authenticator,0.022,TF_IDF_02
com.andromo.dev540689.app521605,0.022,TF_IDF_02
com.elink.stb.elinkcast,0.022,TF_IDF_02
com.triplens.android,0.022,TF_IDF_02
com.wngo.driver,0.022,TF_IDF_02
com.ahmed.al.ajmi.mp3.full.quran,0.022,TF_IDF_02
com.instagram.layout,0.022,TF_IDF_02
com.calleridtagsplus.app,0.022,TF_IDF_02
translate.speech.text.translation.voicetranslator,0.022,TF_IDF_02
com.kayac.park_master,0.022,TF_IDF_02
com.netflix.Speedtest,0.022,TF_IDF_02
com.emeint.android.fawryretailer,0.021,TF_IDF_02
com.egypt.hardeesburger.fastfood,0.021,TF_IDF_02
com.hikvision.hikconnect,0.021,TF_IDF_02
com.eltarek.arabapps,0.021,TF_IDF_02
com.matchington.mansion,0.021,TF_IDF_02
imagetopdf.pdfconverter.jpgtopdf.pdfeditor,0.021,TF_IDF_02
com.speakandtranslate.voicetranslator.alllanguages,0.021,TF_IDF_02
com.seen.trafficservices,0.021,TF_IDF_02
pmapp.idsc.gov.eg,0.02,TF_IDF_02
com.eldokan.appetito,0.02,TF_IDF_02
com.mapswithme.maps.pro,0.02,TF_IDF_02
com.arabstickers.stickerwhatsapp,0.02,TF_IDF_02
com.sympl,0.02,TF_IDF_02
com.lianhezhuli.hyfit,0.02,TF_IDF_02
com.hm.mena,0.02,TF_IDF_02
paymob.bdc.qahera,0.019,TF_IDF_02
hr.asseco.android.intesa.isbd.alex,0.019,TF_IDF_02
com.landmarkgroup.maxstores,0.019,TF_IDF_02
com.abdo.quran,0.019,TF_IDF_02
com.gjg.colorfill3d,0.019,TF_IDF_02
sg.technobiz.masary,0.018,TF_IDF_02
com.wasiladev.fawryretailers,0.017,TF_IDF_02
com.bdc.retail,0.017,TF_IDF_02
com.faturaegypt.app,0.015,TF_IDF_01
